,xmin,ymin,xmax,ymax,confidence_score,class_names,y_centre,x_centre,match,columnNo
0,95.0,1640.0,157.0,1653.0,0.8470323,cell,1646.5,126.0,False,1.0
1,179.0,1638.0,364.0,1651.0,0.8263851,cell,1644.5,271.5,False,2.0
2,180.0,1623.0,364.0,1636.0,0.81837714,cell,1629.5,272.0,True,2.0
3,504.0,1634.0,591.0,1647.0,0.809954,cell,1640.5,547.5,False,3.0
4,650.0,1632.0,711.0,1644.0,0.7973053,cell,1638.0,680.5,False,4.0
5,943.0,1627.0,1007.0,1639.0,0.8260854,cell,1633.0,975.0,False,5.0
6,1082.0,1627.0,1153.0,1639.0,0.8123757,cell,1633.0,1117.5,False,6.0
