,xmin,ymin,xmax,ymax,confidence_score,class_names,y_centre,x_centre,match,columnNo
0,100.0,119.0,297.0,145.0,0.8684916,cell,132.0,198.5,False,1.0
1,100.0,347.0,416.0,369.0,0.87223846,cell,358.0,258.0,True,1.0
2,101.0,233.0,449.0,259.0,0.817769,cell,246.0,275.0,True,1.0
3,108.0,383.0,543.0,408.0,0.77867573,cell,395.5,325.5,True,1.0
4,654.0,459.0,1001.0,493.0,0.8323976,cell,476.0,827.5,False,2.0
