,xmin,ymin,xmax,ymax,confidence_score,class_names,y_centre,x_centre,match,columnNo
0,68.0,1007.0,151.0,1029.0,0.8193343,cell,1018.0,109.5,False,1.0
1,66.0,975.0,232.0,997.0,0.8149623,cell,986.0,149.0,True,1.0
2,396.0,1006.0,535.0,1028.0,0.8570331,cell,1017.0,465.5,False,2.0
3,396.0,975.0,594.0,998.0,0.83966917,cell,986.5,495.0,True,2.0
4,777.0,975.0,894.0,995.0,0.7799653,cell,985.0,835.5,False,3.0
5,786.0,1007.0,890.0,1028.0,0.8504113,cell,1017.5,838.0,True,3.0
6,1022.0,976.0,1135.0,997.0,0.79697645,cell,986.5,1078.5,False,4.0
7,1019.0,1006.0,1143.0,1028.0,0.8535491,cell,1017.0,1081.0,True,4.0
8,1263.0,975.0,1467.0,998.0,0.80812275,cell,986.5,1365.0,False,5.0
