,xmin,ymin,xmax,ymax,confidence_score,class_names,y_centre,x_centre,match,columnNo
0,248.0,631.0,587.0,659.0,0.8444169,cell,645.0,417.5,False,1.0
1,754.0,633.0,994.0,657.0,0.854797,cell,645.0,874.0,False,2.0
2,1225.0,633.0,1523.0,657.0,0.8637951,cell,645.0,1374.0,False,3.0
3,1313.0,850.0,1510.0,876.0,0.85178304,cell,863.0,1411.5,True,3.0
4,1309.0,802.0,1752.0,829.0,0.83967686,cell,815.5,1530.5,False,3.0
